cliente_id,nome,email,telefone,endereco,cidade,estado,regiao_id,data_cadastro
1,Brenda Alves,samuel32@example.net,+55 51 8196 0013,"Alameda de Novais, 78
Estrela
94026-542 Teixeira / MT",Borges,MG,1,2023-01-13
2,Luiz Henrique Ferreira,caio78@example.org,41 1849 5931,"Lago Barros, 71
Itatiaia
52553-419 Nascimento / SC",Castro,PB,3,2023-05-06
3,Júlia Porto,ayllavargas@example.org,+55 31 0564-1395,"Passarela Maria Cecília Casa Grande, 42
Vila Piratininga Venda Nova
96965-328 Borges de Sá / AL",Cassiano,RS,2,2023-03-13
4,Otávio Peixoto,gomesgiovanna@example.net,(061) 8480-1845,"Esplanada Maria Abreu, 38
Santa Sofia
48932528 Peixoto / MT",Almeida de Camargo,MS,1,2023-12-13
5,Isaque Araújo,emanuelbarros@example.net,(084) 1822-7824,"Vila de Costa, 66
Ouro Minas
13315-098 Pastor / ES",Barbosa,RR,5,2023-02-14
6,Ana Liz da Conceição,andradebianca@example.org,31 3473-8299,"Pátio Mateus Brito, 7
Maria Helena
67010-651 Correia / DF",Carvalho de Lima,CE,5,2023-08-05
7,Ravi da Cruz,macedoisis@example.org,+55 (071) 8013 2677,"Avenida Lucas Garcia, 7
Heliopolis
46872-343 Pacheco / SC",Souza,MT,1,2023-01-16
8,Benicio Pacheco,hmontenegro@example.org,+55 (081) 8121 9136,"Trecho Peixoto, 2
Nova Gameleira
43534-624 Dias de Sá / AP",Marques,RN,1,2023-04-22
9,Beatriz Barbosa,nataliada-luz@example.org,(084) 1354 2784,"Lagoa de Ribeiro, 3
Heliopolis
18244935 Rodrigues / RS",Montenegro do Amparo,GO,2,2023-09-16
10,Caleb Porto,cda-mota@example.org,(071) 2427 8680,"Distrito de Nogueira
Aparecida 7ª Seção
98262-045 Fogaça / DF",Rios,AM,5,2023-01-14
11,Dr. Eduardo da Costa,luiz-gustavojesus@example.org,+55 (051) 5634-2160,"Quadra Ferreira, 43
Alto Dos Pinheiros
65414586 Alves do Campo / GO",Pacheco,GO,5,2023-04-12
12,Cauê Peixoto,uferreira@example.com,(021) 9816-9340,"Setor de Rodrigues
Vila Nova Gameleira 2ª Seção
56159514 Rios das Pedras / MT",Sampaio da Mata,PI,5,2023-08-03
13,Gael Leão,vrocha@example.org,0800-946-8044,"Trevo de Rezende, 87
Paquetá
87214895 Sá / ES",Câmara do Oeste,BA,2,2023-08-18
14,Augusto da Cruz,xpimenta@example.org,(051) 6936-7632,"Praça Câmara, 88
Baleia
17278895 Pimenta de Silveira / PE",Novaes dos Dourados,CE,5,2023-05-23
15,Sra. Milena da Luz,yurivargas@example.net,(084) 3471-4345,"Conjunto Cassiano, 36
Vila Nossa Senhora Do Rosário
16658760 Leão / MG",Teixeira,RJ,1,2023-03-23
16,Pietra Abreu,ana-cecilia66@example.net,71 9373-4670,"Viela de Guerra, 37
Vila Bandeirantes
69901627 Aragão / GO",Duarte do Oeste,PB,4,2023-06-24
17,Dr. Mateus da Mota,fda-cunha@example.com,+55 (031) 8053 1003,"Vale Cassiano, 82
Vila Fumec
93745299 Vasconcelos / TO",das Neves,AM,3,2023-03-21
18,Amanda das Neves,tgoncalves@example.org,+55 11 9314 9190,"Viaduto Ester Azevedo, 750
Novo Ouro Preto
16572-628 Pimenta da Prata / SP",Martins de Lopes,TO,2,2023-06-22
19,Dra. Juliana Duarte,erickda-mota@example.com,+55 51 7996 5075,"Morro da Luz, 54
Satelite
83136783 Ramos de Silva / PR",Vieira de Almeida,AP,1,2023-02-17
20,Henry Guerra,ana-lauraribeiro@example.net,31 7885 6855,"Jardim Ravi Campos, 25
Vila Piratininga
33749894 Correia / MA",Fonseca,CE,4,2023-02-19
21,Anthony Gabriel Santos,yanaparecida@example.org,81 4271-0947,"Estação Cauã da Cunha, 21
Nossa Senhora Da Aparecida
19022-941 Campos / PI",Pereira de Goiás,SP,3,2023-06-26
22,Maria Helena Machado,lda-rosa@example.com,(041) 9909 1334,"Estação Novaes, 3
Acaba Mundo
79740-344 Barbosa de Rodrigues / ES",Viana Verde,RO,5,2023-05-16
23,Otávio Camargo,kaiqueda-mata@example.org,+55 11 0249 9471,"Vila Isis da Mata, 887
Boa Vista
65940139 Teixeira / RO",Oliveira do Norte,SP,1,2023-08-24
24,Ravy Moreira,lda-mota@example.net,(021) 7175-6551,"Vila Maya da Paz, 18
Penha
54516808 Jesus de Aragão / DF",Pinto do Amparo,RS,5,2023-03-05
25,Ana Júlia Costela,isis24@example.com,(084) 1093-2480,"Condomínio Martins
Candelaria
74846773 Novaes de Casa Grande / MG",Peixoto,PE,4,2023-02-10
26,Srta. Ana Lívia da Mota,yfernandes@example.net,+55 81 0449-9727,"Sítio Yasmin Garcia, 45
Vila Mangueiras
96360576 Ribeiro Grande / PR",Cardoso,PE,5,2023-05-31
27,Luísa Brito,hbrito@example.com,+55 (021) 2621 7459,"Loteamento Rocha, 865
Santa Tereza
91343161 Macedo / CE",Alves do Norte,MT,5,2023-07-05
28,Juan Fogaça,lorena23@example.net,81 9222 1969,"Distrito de da Conceição, 84
Grota
74821759 Porto das Pedras / RR",Marques da Mata,DF,5,2023-04-09
29,Rafaela Caldeira,giovannaoliveira@example.com,0500 440 6409,"Residencial de da Paz, 69
Estrela
94210470 Siqueira Grande / AP",Duarte das Pedras,CE,1,2023-01-24
30,Davi Lucca Viana,sofia84@example.org,+55 61 7451-7123,"Núcleo de Borges, 50
São Jorge 1ª Seção
75496513 Alves de Pinto / PI",Pimenta de Goiás,RS,2,2023-05-29
31,Ravi Sampaio,julia12@example.org,+55 (051) 4711 3826,"Vila de Nogueira, 39
Prado
17964-053 Macedo de da Costa / MS",Rodrigues,MS,1,2023-04-30
32,Maria Alice Araújo,mda-mota@example.org,(051) 1390-0532,"Favela de Pastor
Ernesto Nascimento
52904228 Cavalcanti do Campo / RO",Cardoso,AC,1,2023-07-14
33,Sr. Lorenzo Almeida,viniciusaragao@example.org,84 8117 7589,"Fazenda de Pimenta, 9
Jardim Vitoria
00766-177 Barros / MT",Azevedo,BA,3,2023-08-21
34,Yan Silva,giovanna98@example.com,(051) 8961-1836,"Loteamento Maria Guerra, 61
Novo Glória
45271-111 Brito da Praia / SE",Novais,AL,3,2023-03-25
35,Luísa Rios,jesusdaniela@example.net,(011) 0494-5198,"Recanto de Câmara, 6
Bandeirantes
14936-899 Pereira / RO",Alves da Serra,GO,3,2023-07-01
36,Sra. Maitê Ferreira,cirinojoao-pedro@example.net,71 1201 8366,"Núcleo das Neves, 29
São Bento
22901476 Pereira de Macedo / PA",Cunha do Galho,AM,2,2023-12-10
37,Dr. Daniel da Paz,qmoura@example.com,+55 (061) 3690 0343,"Lago Beatriz Campos, 8
Vila Primeiro De Maio
22683-885 Gonçalves / SC",Lopes,AC,3,2023-12-26
38,Ana Vitória Dias,zoliveira@example.net,84 4160 5297,"Colônia Ryan Lopes
Tupi A
81645-352 Moraes / RS",Moura,PE,1,2023-11-08
39,Luiz Fernando Ferreira,ravycaldeira@example.org,+55 61 3292-1277,"Via de Porto, 355
Pantanal
77449058 das Neves / PB",Andrade de Araújo,MS,2,2023-10-01
40,Breno Ramos,pimentanatalia@example.com,(061) 9807-9359,"Avenida Machado, 6
Vila Nova Cachoeirinha 3ª Seção
82037788 Fonseca / MS",Gomes das Pedras,SP,2,2023-03-25
41,Sr. Lucas Gabriel Azevedo,gabriel86@example.com,+55 61 9251-9254,"Chácara de das Neves, 365
Vila Havaí
68505423 Vargas do Amparo / DF",Carvalho,BA,4,2023-07-14
42,Juan Viana,montenegrovalentina@example.net,51 0592 9622,"Vale de Cavalcante, 70
Marieta 2ª Seção
79473834 Correia de Freitas / RO",Martins de Vargas,MA,3,2023-11-24
43,Sarah Moura,mcastro@example.net,+55 84 4075 8181,"Ladeira Machado
Horto
61375060 Montenegro da Praia / ES",Barros da Praia,ES,5,2023-04-23
44,Liam Brito,joao-vitor20@example.com,(071) 2779-0104,"Sítio Siqueira, 286
Vila São João Batista
34103-697 Camargo / TO",Peixoto de Nascimento,AC,3,2023-01-29
45,Sophie Oliveira,joao-pedroda-rocha@example.com,+55 (011) 9539 6218,"Setor de Montenegro
Vila Sumaré
67065405 Ferreira / ES",Vargas,RJ,2,2023-01-17
46,Sra. Catarina Aparecida,zoe52@example.net,(061) 7221-7043,"Área Dias, 78
Outro
40345-054 Freitas / PA",Souza dos Dourados,MG,3,2023-07-25
47,Sr. Theo Sales,zfreitas@example.net,+55 81 1616-9284,"Largo Ribeiro
Jardim Leblon
79627-570 Pimenta das Pedras / GO",Barbosa,RO,3,2023-02-03
48,Maria Luiza Fonseca,bentocasa-grande@example.net,(031) 0213-5569,"Viela Machado, 85
Vila Santo Antônio
92856543 Alves / SC",Monteiro,PE,2,2023-10-18
49,Bárbara da Luz,maite39@example.com,(084) 3121-7271,"Campo Ísis Nogueira, 34
Vila Nova Cachoeirinha 2ª Seção
58313237 Fonseca / PI",Martins da Prata,BA,3,2023-04-19
50,Aurora Azevedo,isabella78@example.com,81 9125 1778,"Vereda de Pastor, 72
Santa Rita
18242253 Moreira da Mata / AP",Costa da Prata,GO,4,2023-07-22
51,Kevin Pimenta,montenegrolucca@example.net,0800 229 9590,"Via Vargas
Teixeira Dias
39690-784 Mendes de Goiás / SE",da Rosa dos Dourados,AP,4,2023-03-15
52,Srta. Eduarda Macedo,dmendes@example.org,(081) 9255 5625,"Quadra Campos, 47
Comiteco
04696325 Correia da Serra / PR",Monteiro de das Neves,PR,3,2023-03-13
53,Caleb Gonçalves,nda-costa@example.net,11 0047 9748,"Praça Carvalho, 75
Marieta 3ª Seção
60983584 Gomes / PE",Teixeira de Novaes,GO,2,2023-10-15
54,Bárbara Cardoso,goncalvesevelyn@example.com,84 5239-8680,"Loteamento Melo
São Cristóvão
29825-952 Pimenta da Mata / RJ",Montenegro do Galho,PI,5,2023-05-15
55,Letícia Melo,freitasbianca@example.net,+55 61 6940 9749,"Trecho Mendes, 78
Cônego Pinheiro 2ª Seção
09130756 Jesus / RR",Jesus,PE,5,2023-08-08
56,Olivia Sousa,santosjoao-guilherme@example.net,+55 (084) 8578-6527,"Viela Vinícius Pimenta, 43
Itatiaia
34437-575 da Paz do Campo / RJ",Gonçalves da Praia,SP,5,2023-07-24
57,João Vitor Aparecida,emanuel57@example.net,+55 61 7338-4842,"Trecho de da Costa, 90
Europa
01657120 Jesus / RS",Mendes de Rezende,DF,3,2023-04-23
58,Lorenzo da Paz,vargasfelipe@example.net,0500 380 2620,"Estação Amanda Andrade, 5
Solar Do Barreiro
54788728 da Mata de Correia / SE",Farias,CE,2,2023-09-18
59,Sra. Jade Silva,arthursousa@example.com,(021) 9329 6685,"Colônia de Cirino, 67
Nova Granada
04637454 da Luz / RS",Sales de Goiás,AL,4,2023-02-16
60,Bárbara Martins,liam68@example.net,(041) 1459 3327,"Trevo de Freitas, 88
Vila Santa Monica 1ª Seção
39187851 Araújo / TO",Oliveira,PI,1,2023-02-26
61,Enzo Duarte,rcamargo@example.org,0800 718 7072,"Avenida de Novais, 14
Morro Dos Macacos
03910-651 Azevedo / PR",da Paz,PA,2,2023-11-18
62,Davi Luiz Vargas,yfreitas@example.com,41 6182 5128,"Fazenda Abreu, 5
Piraja
86337-524 Silveira / SP",Andrade,SE,2,2023-12-15
63,Mariah Pimenta,da-costanoah@example.org,+55 41 9079 0306,"Favela de Sá, 3
Santa Rita
39599-534 Ribeiro / PE",Jesus,MA,4,2023-11-02
64,Bento Novais,leticianovais@example.com,+55 (071) 5685 6624,"Recanto de da Costa, 34
Vitoria
08668-826 da Cunha / DF",Ramos de Minas,PB,1,2023-07-17
65,Sr. Vitor Gabriel Silveira,cauada-mata@example.com,0500-901-3983,"Lagoa Arthur Cunha, 81
Serra
93638546 Nascimento de Rezende / MS",da Luz da Praia,PE,4,2023-11-02
66,Nina Brito,uteixeira@example.org,31 5609 3204,"Estrada Farias, 46
Santa Margarida
47772-522 Cirino de Nogueira / RS",Moura,AL,4,2023-09-28
67,Benicio Teixeira,jesusjoao-guilherme@example.net,+55 31 1203-8750,"Alameda Anthony Gabriel Nascimento, 160
São Gonçalo
84086-211 da Costa / DF",Fogaça Paulista,SE,3,2023-10-11
68,Anna Liz Freitas,kmarques@example.org,+55 21 4101-6668,"Aeroporto de Sampaio
Conjunto Novo Dom Bosco
76591803 Sales / RJ",da Mata de Aparecida,AP,1,2023-12-15
69,Lara Nogueira,cavalcantiana-vitoria@example.org,+55 (084) 9261-4293,"Loteamento de Gomes, 91
Vila Piratininga Venda Nova
01631-599 Vasconcelos Alegre / AC",Viana dos Dourados,PR,1,2023-12-16
70,Luiz Henrique Novaes,llopes@example.net,0800 619 4311,"Vereda Leandro Sousa, 65
Camargos
04754121 Lopes / PB",Caldeira do Sul,AP,5,2023-05-17
71,Sr. Luan Gomes,da-rochajulia@example.com,+55 21 8398 2622,"Residencial João Vitor Azevedo, 56
Nova Pampulha
71543-799 Marques / AM",da Rosa,AC,3,2023-02-27
72,Lívia Pinto,cfarias@example.com,(021) 9245-9375,"Lago Mariane Oliveira, 75
Jaqueline
51939-828 Siqueira / PB",Macedo,SE,3,2023-08-11
73,Bernardo Vieira,frocha@example.org,(031) 3426 6179,"Setor Natália Sales, 18
Vila Suzana Segunda Seção
89113-529 Nunes / RS",Sá Alegre,SE,2,2023-08-21
74,Bianca Albuquerque,da-luzpedro-miguel@example.net,41 8993-7567,"Recanto Caldeira, 26
Canadá
54573875 Brito de Macedo / SC",Dias de Azevedo,MA,1,2023-05-15
75,Danilo Almeida,henrique23@example.net,+55 (051) 8258-6736,"Viaduto de Lopes, 40
Paulo Vi
60334-191 Fonseca / MT",Marques,AM,5,2023-04-02
76,Samuel Moura,hellena96@example.net,+55 61 5579 2499,"Largo Campos, 24
Conjunto Taquaril
28669-296 Cirino do Amparo / RS",Novais,CE,5,2023-02-24
77,Laura Carvalho,ana-vitoriamachado@example.net,+55 (071) 5072 3688,"Residencial de Leão, 37
Bom Jesus
34043842 Nunes de Souza / SP",Novaes de Moraes,AM,3,2023-11-24
78,Bruna da Mata,vitoria07@example.net,+55 11 6134-0745,"Feira Costela, 759
Conjunto Jatoba
33095849 Duarte / RR",da Rocha Verde,GO,5,2023-11-08
79,Aylla Carvalho,raraujo@example.net,+55 81 2325 3672,"Parque Marcela Barbosa, 7
São Benedito
57759-017 Azevedo da Prata / MG",Lima,TO,2,2023-03-20
80,Thales da Mata,alice58@example.net,+55 81 9750 0170,"Praia Marques, 7
Dom Cabral
42415415 Aragão / MG",Silveira de Goiás,PA,3,2023-03-24
81,Ayla Santos,abreupaulo@example.com,+55 11 2938 7005,"Vila João Mendes, 4
Miramar
11554262 Azevedo / PE",Pimenta,RS,5,2023-09-29
82,Pedro Lucas Ferreira,kevinjesus@example.net,(031) 3112-1965,"Feira da Mota, 4
São Vicente
04389-836 Ramos do Norte / SE",Monteiro,MG,1,2023-11-03
83,Isaque Monteiro,mouraapollo@example.com,(051) 2696 5827,"Campo de Albuquerque
Havaí
00684866 Barros da Prata / PI",da Mota,AP,3,2023-09-08
84,Bruno Moraes,leonardonascimento@example.com,61 9146 3031,"Vale Daniel das Neves
Vila Formosa
10202758 Cavalcante da Praia / BA",Siqueira do Campo,SP,1,2023-02-27
85,Lucas Gabriel Lima,sabrina14@example.net,0500 177 8507,"Jardim Vargas, 2
Eymard
00307562 Andrade / PI",Câmara Alegre,ES,3,2023-06-07
86,Luiza da Mata,oliveiraesther@example.org,21 0238-0617,"Largo Erick Novaes, 60
Dom Bosco
94937-597 Siqueira / PI",Cassiano,AC,2,2023-01-30
87,Amanda da Conceição,antony50@example.net,41 4138 3670,"Chácara Caio da Conceição, 865
Vila Primeiro De Maio
91826199 Lopes / RO",da Costa,MA,2,2023-10-18
88,Levi Gonçalves,anna-liz74@example.org,+55 11 3291 2127,"Condomínio Stella Fogaça, 57
Piraja
11249-035 Borges / RR",Fogaça,MG,1,2023-02-13
89,Ana Julia Rocha,vicente20@example.com,(041) 8831-7121,"Conjunto Costa
Novo Ouro Preto
51994-101 Ramos / PB",Borges,TO,4,2023-02-05
90,Sr. Asafe Martins,cavalcanteluana@example.net,61 7066 2532,"Distrito Bernardo Pimenta, 593
Santa Margarida
87014-626 Ramos / SE",Pires,SE,5,2023-03-06
91,Allana Garcia,maria-luiza87@example.com,0300 856 4205,"Avenida Maria Julia Moura
Maria Virgínia
21334803 Fogaça da Serra / CE",Pastor,MT,2,2023-12-04
92,Dra. Maria Alice Pastor,santosclarice@example.net,0300 293 7842,"Avenida da Conceição
Vale Do Jatoba
08705932 Silva da Serra / SE",Araújo do Sul,BA,4,2023-10-09
93,Cecília Vasconcelos,mouraemanuella@example.org,31 6915 4522,"Residencial de Rezende, 92
Vila Madre Gertrudes 4ª Seção
39264-422 Sampaio / RJ",Vargas Verde,AL,2,2023-05-16
94,Liam Pimenta,gustavo-henriquemonteiro@example.org,(071) 1355 2157,"Feira Sales, 6
Grotinha
00676267 Ferreira da Prata / MG",Mendes,SE,5,2023-11-07
95,Heloisa Castro,zbarbosa@example.org,(021) 0541 1526,"Sítio Borges, 89
Vila Minaslandia
62962015 Correia / PA",Ribeiro da Mata,MA,4,2023-04-19
96,Calebe Aragão,joliveira@example.com,+55 (021) 0506-1497,"Favela Cavalcante
Vila Cemig
17146-774 Ramos / PI",Cirino da Praia,MG,5,2023-12-20
97,Sr. Pietro Aparecida,lunna74@example.org,+55 81 9021-1586,"Parque Moreira, 88
Suzana
74160898 Campos / SP",Cavalcanti de Cavalcante,DF,2,2023-06-09
98,Davi Lucas Aparecida,rbarros@example.com,+55 (081) 2945-1168,"Ladeira Raquel Marques, 9
Vila Satélite
16229-991 Nunes / SP",Viana,MA,4,2023-12-10
99,Manuella Jesus,hadassa79@example.net,(071) 0246-2996,"Vila Renan Aragão, 64
Alto Caiçaras
44471-324 Vasconcelos de Duarte / GO",Pereira de Minas,DF,3,2023-08-13
100,Hadassa Jesus,hteixeira@example.com,+55 (081) 8214 8628,"Estrada Araújo, 80
Baleia
34578-610 Freitas / PR",Cavalcanti de Melo,RJ,5,2023-08-20
101,Marcela Ferreira,valentimsouza@example.net,+55 31 4060 2933,"Ladeira Rezende, 18
Santa Lúcia
72290349 Silva Paulista / PA",Ferreira dos Dourados,GO,1,2023-05-07
102,Ravi Lucca da Rosa,gpacheco@example.org,31 5899-4417,"Vereda Aylla da Mota, 44
Confisco
09652074 Leão das Flores / MG",Pacheco,RR,2,2023-02-02
103,Esther Fernandes,sophieporto@example.com,11 8428 2417,"Sítio Luiz Otávio Rodrigues, 41
Maria Helena
46554947 Melo / AL",Melo,DF,3,2023-01-11
104,Bárbara Rodrigues,tmoura@example.com,+55 (071) 2235 6972,"Estação de Vasconcelos, 8
Lorena
50074329 Mendonça / SE",Cardoso,RN,5,2023-10-11
105,Mariane Guerra,ymendes@example.org,+55 (051) 8350 5830,"Feira de Câmara, 34
Calafate
89421-044 Siqueira de Moreira / RN",Lopes Grande,MT,2,2023-10-29
106,Maria Alice Sá,lucasguerra@example.org,+55 31 3230-9821,"Área de Garcia, 18
Unidas
10016761 Melo Grande / DF",da Rosa,PA,2,2023-01-04
107,Beatriz Ribeiro,joao-guilherme61@example.net,0900-141-1739,"Rua Nathan Fogaça, 34
Apolonia
37530-011 Cassiano de Borges / SP",Silveira,SC,1,2023-12-29
108,José Miguel Ramos,maria-aliceda-rocha@example.com,(061) 0120-4556,"Aeroporto Carvalho
Vila Engenho Nogueira
55794155 Camargo / MG",Marques Paulista,TO,1,2023-04-28
109,Pietra Leão,henry-gabrielcardoso@example.net,+55 (081) 2169 7972,"Vale Benjamin Rodrigues, 87
Camponesa 2ª Seção
70145-089 Rios / MT",Lopes,RO,1,2023-01-17
110,Srta. Rafaela Ferreira,jcassiano@example.net,+55 (071) 0287 7217,"Ladeira Carlos Eduardo Montenegro, 78
Nossa Senhora Da Conceição
17797177 Campos do Amparo / SC",Caldeira,MG,3,2023-02-06
111,Ana Carolina Novais,borgesana-julia@example.net,84 3755-0375,"Núcleo de Silva, 21
Vila Santa Monica 2ª Seção
05548851 Cavalcante / PR",Silva,SC,5,2023-05-02
112,Sra. Bianca da Cunha,marcos-viniciuscampos@example.com,+55 11 7351-6091,"Trecho de Montenegro, 17
São Gonçalo
86978292 Caldeira / MG",Montenegro das Flores,PA,3,2023-12-09
113,Isadora da Mota,sfernandes@example.com,+55 84 2698 4858,"Vale Silva, 35
Vila Nova Cachoeirinha 1ª Seção
88515879 Rocha da Prata / MA",Albuquerque do Galho,AM,4,2023-04-20
114,Mateus Casa Grande,riosdaniel@example.org,+55 81 2442-0438,"Colônia Pietro Souza, 963
Vila Sesc
06665-800 Costa dos Dourados / TO",Porto,RR,5,2023-03-09
115,Dra. Maria Eduarda Sá,mathiasda-rocha@example.com,+55 (051) 1228-1606,"Conjunto Lorenzo Pacheco, 60
Piratininga
02590947 Barbosa Alegre / PE",Cirino,PE,5,2023-10-23
116,Thiago Castro,inogueira@example.com,+55 31 5335 5543,"Aeroporto de Camargo, 47
Horto
05616484 Moreira / TO",Moraes do Galho,PB,4,2023-05-05
117,Ana Clara da Rocha,auroramoraes@example.org,+55 41 2880 1336,"Vila de Sousa, 31
Alto Dos Pinheiros
50110-248 Oliveira / TO",da Luz,PA,4,2023-07-28
118,Milena Pires,ulopes@example.org,51 1809 1901,"Lago Viana, 29
Jaraguá
66072-832 Vieira da Prata / MA",da Rosa,RO,2,2023-02-18
119,Dra. Maria Fernanda Albuquerque,josueaparecida@example.org,0500 968 8143,"Via Olivia Casa Grande, 42
Vila Antena
31290-878 da Rocha / RO",da Cunha,AM,1,2023-12-04
120,Ryan Farias,jose-miguel31@example.com,0900-135-7759,"Distrito de Nunes, 755
Conjunto Minas Caixa
53364525 Martins de Machado / MS",Mendonça da Prata,AM,4,2023-07-01
121,Bruno da Mota,stephanycosta@example.com,+55 11 1080 9969,"Jardim de Nogueira
Carmo
25639-427 Gonçalves / MS",Ribeiro,ES,4,2023-07-30
122,Eloah Sá,maitecastro@example.org,0300 927 5037,"Núcleo Ravi Lucca Aparecida
Vila Fumec
85677005 Santos / PE",Sousa Paulista,RJ,4,2023-01-28
123,Emanuella Garcia,lfonseca@example.net,+55 11 8463 8655,"Trevo Anthony Gabriel Montenegro, 37
Fazendinha
84322259 Ribeiro / ES",Farias do Campo,PR,1,2023-02-01
124,Pietra Mendes,lorenzoramos@example.com,+55 (031) 3029 9228,"Avenida Cavalcante, 92
Nossa Senhora De Fátima
41379772 Jesus / RN",Vieira,RJ,4,2023-06-23
125,Thomas da Luz,carolinemarques@example.net,0900 136 6210,"Viela de Leão, 29
Conjunto Santa Maria
99088-117 Pereira / PI",Vasconcelos,RO,1,2023-05-08
126,Marina Moreira,cfreitas@example.net,51 6376 5991,"Recanto Ravi Lucca Barros, 99
Nova America
30098-180 Rezende do Oeste / RR",Jesus da Praia,AM,2,2023-04-08
127,Paulo Rezende,vicente86@example.net,21 9463 6887,"Sítio de Mendes, 64
Vila São Geraldo
21372-138 Viana Alegre / SE",Castro,MG,5,2023-08-18
128,Alana Borges,maria-juliapeixoto@example.com,+55 31 1435 1906,"Rua de da Paz, 802
Ouro Minas
38430988 Pimenta / CE",Fonseca,ES,2,2023-08-05
129,Agatha Castro,da-motaisabelly@example.com,61 6938 0118,"Trecho de Ferreira, 44
Venda Nova
76904268 Novais / AP",Fernandes do Campo,SE,2,2023-05-23
130,Jade Nascimento,luisa69@example.com,+55 51 5779 0714,"Fazenda de Rocha, 75
Maria Goretti
43416518 Melo / MT",Cunha Verde,GO,4,2023-05-08
131,Gabriel Monteiro,ravysousa@example.org,+55 71 3333-9521,"Viaduto de Monteiro
Vila Aeroporto Jaraguá
80759579 Mendonça da Serra / SP",Gonçalves de Goiás,SP,1,2023-08-15
132,Carolina Aragão,imendes@example.org,21 5627-1875,"Favela de Garcia
Tirol
55942843 Melo Alegre / MS",Monteiro,PA,5,2023-02-20
133,Otto Sampaio,emanuella64@example.com,+55 (061) 9293-1438,"Estrada João Vitor Sousa, 17
Conjunto Santa Maria
72885-744 Gonçalves / AM",Araújo,DF,1,2023-11-30
134,Renan Pires,machadobruna@example.com,21 5884 5061,"Trevo de Costa, 398
Vila São Rafael
55877-169 Martins Grande / CE",Leão Verde,MG,5,2023-01-08
135,Bruno Castro,rafael55@example.net,(021) 4964 7598,"Estação Almeida, 53
Itaipu
32611178 Alves / SP",Moura de Minas,AM,1,2023-05-02
136,Eduardo Barros,odas-neves@example.org,(011) 7228 2005,"Quadra Valentina da Mata, 972
Conjunto Santa Maria
96884-578 Borges / PB",Fonseca das Pedras,GO,2,2023-07-28
137,Kevin Albuquerque,moreirajoao-gabriel@example.com,(011) 7807 7406,"Aeroporto Novaes, 73
Caiçaras
63266-341 Pires de Goiás / PE",da Paz da Prata,SE,4,2023-09-04
138,Noah Correia,cirinojoao-gabriel@example.com,+55 61 7974 9735,"Setor Almeida, 51
Inconfidência
70312073 Leão da Mata / SE",Freitas de Martins,RR,2,2023-07-25
139,Lucas Barros,danielda-mata@example.com,+55 11 8723 4601,"Feira Bernardo Costa, 91
Vila Esplanada
76452088 da Cunha / PR",Costa da Praia,AL,1,2023-03-26
140,Helena Camargo,luaraduarte@example.org,+55 (041) 4916-3009,"Distrito de Freitas, 4
Conjunto Capitão Eduardo
19500-528 Cardoso / PR",Dias,PI,4,2023-01-02
141,Manuella Macedo,asafesales@example.com,11 2407 7848,"Estação de Nogueira, 85
Ipe
18274485 Abreu de Vasconcelos / RS",Siqueira da Serra,AC,4,2023-05-16
142,Maria Clara Vasconcelos,aurorasilveira@example.org,61 6387-8294,"Largo de Camargo, 9
Vila Dos Anjos
02203173 Andrade / RJ",Ribeiro do Amparo,PE,4,2023-05-27
143,Jade Aragão,pedro-miguel91@example.org,+55 (084) 7170-5865,"Ladeira de Moura, 2
Floresta
13811-386 Correia / PE",Nunes,RS,4,2023-12-23
144,Oliver Souza,vargaselisa@example.net,(051) 6122-8685,"Praia de Fogaça, 68
Bandeirantes
66593-983 Vargas da Prata / SC",Fonseca dos Dourados,PB,5,2023-12-05
145,Agatha Silveira,da-pazarthur-gabriel@example.net,+55 84 4043 3504,"Quadra Fogaça
Conjunto Califórnia Ii
45933441 Nunes do Oeste / SC",Silveira,MT,4,2023-03-21
146,Emanuella Mendonça,peixotoana-clara@example.org,0500 610 5566,"Via Pereira, 7
Barão Homem De Melo 2ª Seção
80589-258 Cassiano / AL",Machado Verde,PE,2,2023-06-01
147,Henry Lopes,isabel22@example.com,+55 21 7908 6416,"Conjunto de Teixeira, 97
Distrito Industrial Do Jatoba
69389-833 da Mata / SP",Duarte Verde,AP,2,2023-01-30
148,Noah Lima,cecilia35@example.com,0300-042-5979,"Fazenda Costa, 22
Camponesa 2ª Seção
39240514 Melo de Almeida / MT",Sousa,PI,5,2023-10-05
149,Gustavo Nogueira,agatha79@example.net,+55 (011) 0698-0420,"Vale de da Mata, 8
Vila Das Oliveiras
16451046 Garcia / PE",Dias,PR,1,2023-06-10
150,Yasmin Borges,miguelmontenegro@example.com,84 0038-4576,"Viela Clarice Fogaça
Vila Batik
38404-608 Câmara Grande / MT",Ribeiro Grande,AP,1,2023-01-26
151,Sra. Stephany Rocha,larada-costa@example.net,+55 (021) 6495-7823,"Viela de Costa, 94
Castelo
62925188 Cirino / MT",Siqueira,AC,5,2023-09-02
152,Dr. Noah da Rosa,osouza@example.net,+55 84 2312-2099,"Vale de da Conceição, 133
Maria Virgínia
72897526 Melo de Carvalho / CE",Câmara,AL,5,2023-09-29
153,Alice da Mata,vcamara@example.net,+55 (081) 3127-9757,"Área Gabrielly Silveira, 96
São Francisco Das Chagas
81770388 Sousa do Norte / PI",Moreira do Norte,DF,2,2023-01-30
154,Pedro Lucas Gonçalves,allana72@example.com,(021) 9082 7718,"Vila de Nogueira, 76
Laranjeiras
02793-714 Sales da Serra / RR",Borges,AM,5,2023-02-11
155,Sra. Maria Cecília Barros,ysiqueira@example.net,0800-268-6025,"Estação Vargas, 7
João Alfredo
74212-309 Albuquerque dos Dourados / PR",Nogueira de Abreu,RN,2,2023-02-05
156,Isabela Cunha,amarques@example.com,+55 21 9903 8498,"Distrito Araújo
Vila Da Paz
02099-451 Caldeira / PA",Castro,RO,5,2023-02-04
157,Felipe Marques,brayan14@example.com,31 6168 1472,"Loteamento Sara Jesus, 133
Campo Alegre
79469548 Cardoso Verde / PR",Monteiro de Cirino,RN,2,2023-07-26
158,João Vitor Correia,camposbenicio@example.com,+55 71 3966 0558,"Estrada de Sales
Jaraguá
14488-501 Fernandes das Flores / SC",Cavalcanti,DF,1,2023-10-19
159,Dr. Rhavi Melo,ramosjoao-gabriel@example.com,+55 (021) 7857-6084,"Alameda de Costela, 255
Confisco
05682-996 Peixoto / AM",Santos Alegre,RR,2,2023-10-24
160,João Gabriel Jesus,monteirorenan@example.com,(041) 4384-2150,"Rodovia Benicio Mendes
Horto
35784521 Costela / SC",Marques,MG,5,2023-01-21
161,Dra. Bruna Abreu,caio91@example.com,(061) 0184-0943,"Lago da Mota, 257
Independência
24109881 Nogueira / MS",da Mata Grande,RR,5,2023-02-11
162,Joaquim Cavalcante,das-nevescamila@example.net,(031) 0207-0160,"Estação Maitê Pimenta, 64
Novo São Lucas
81792171 das Neves de Rodrigues / RS",Melo de da Conceição,ES,4,2023-12-03
163,José Pedro Fonseca,scirino@example.net,(071) 5770 1715,"Lago Vargas, 39
Santa Terezinha
61581487 Pastor das Pedras / ES",Novaes,CE,5,2023-10-17
164,Maria Isis Azevedo,oliver96@example.com,0300 583 2197,"Quadra de Duarte, 317
João Alfredo
19196-570 Cunha / TO",Pacheco,SP,5,2023-06-11
165,Agatha Sá,kaiquemachado@example.net,(021) 6997 3354,"Morro de Borges, 909
Nossa Senhora Da Conceição
40580085 da Paz / AC",Lopes,RR,3,2023-04-15
166,Maria Júlia Pires,giovanna66@example.com,71 3272-3865,"Viaduto José Carvalho, 2
Vila Da Amizade
27621267 Pinto da Serra / PB",Novaes dos Dourados,MG,3,2023-05-03
167,Sr. Francisco Lima,oliveiramelina@example.net,+55 41 8468-9500,"Condomínio Maria Luísa Sales, 3
Vila Olhos D'água
78189-137 Rodrigues / RS",Pimenta do Norte,MT,3,2023-07-22
168,Alexia Melo,emoraes@example.net,(071) 6544 2094,"Recanto de Pacheco
Conjunto Minas Caixa
49047128 Viana / GO",Cardoso Paulista,GO,2,2023-12-10
169,Anthony Gabriel Sousa,pereiraluiz-fernando@example.net,+55 (021) 7524-3728,"Distrito Peixoto, 77
Vila São Gabriel
37239-504 Aragão / CE",Guerra de Melo,MA,3,2023-08-23
170,Yasmin da Conceição,trodrigues@example.com,(071) 4286-0476,"Área de Brito, 556
Madre Gertrudes
41496-739 Moreira / MT",Dias,PI,3,2023-02-07
171,Anthony Azevedo,jesusgael-henrique@example.net,+55 51 7534 4300,"Viaduto de Cunha
Universo
11926921 da Cunha / MA",Ribeiro de Barbosa,RS,1,2023-08-23
172,Kamilly Vargas,qsales@example.com,+55 61 2140-6650,"Estação Lunna Azevedo, 73
Conjunto São Francisco De Assis
12863-917 Caldeira do Norte / AP",Oliveira,SC,5,2023-10-16
173,Pietro Almeida,pcassiano@example.net,+55 (011) 0642 5690,"Passarela Davi Miguel Nogueira, 70
Vila Madre Gertrudes 1ª Seção
19855-460 Fonseca / PI",Barros dos Dourados,SP,1,2023-02-07
174,Guilherme Cavalcanti,gomesmateus@example.com,51 1571 7320,"Trecho de da Costa
Santa Cecilia
18478-700 Araújo Alegre / SE",Guerra,AM,5,2023-04-20
175,Vicente Marques,ravi-luccabarbosa@example.org,+55 (011) 7079-0320,"Lagoa Vieira, 8
Vera Cruz
91117993 Costa / PA",Sousa das Flores,MT,5,2023-05-16
176,Yago Carvalho,paulo09@example.org,(071) 1142 6258,"Trecho Aparecida, 71
Vila São Paulo
07100219 Leão do Amparo / RR",Costela,BA,2,2023-06-28
177,Júlia Moreira,pjesus@example.org,0800-092-7914,"Sítio da Costa, 91
Cabana Do Pai Tomás
88373-403 Vieira / BA",Monteiro de Cavalcanti,CE,1,2023-05-06
178,Ana Clara Aragão,alice36@example.com,(071) 9701 0822,"Condomínio de Barbosa, 67
Nova Gameleira
53153136 Garcia / ES",Melo,RJ,3,2023-05-26
179,Ana Júlia Lopes,pedropimenta@example.com,+55 (051) 6527-3543,"Vila Nunes, 5
Cidade Jardim Taquaril
77625349 Vieira / SE",Oliveira,PI,2,2023-08-13
180,Caio Jesus,lcunha@example.com,(061) 4063-3569,"Travessa Abreu, 10
Pompéia
68671773 Novais / SP",Sales,SC,5,2023-12-27
181,Helena Cardoso,ana-carolina31@example.org,(081) 4279-9077,"Passarela de Cirino, 17
Belvedere
65804649 Viana / RO",Pinto,MT,3,2023-11-10
182,Srta. Sophie Rocha,caua16@example.com,(061) 9055-2818,"Feira Valentina Camargo, 49
Vila Real 2ª Seção
55486401 Ferreira dos Dourados / PR",Melo,RR,5,2023-01-05
183,Yasmin da Rocha,xpinto@example.net,+55 (084) 3711 6241,"Condomínio Juan Monteiro, 93
Vila Betânia
46827567 da Rocha / DF",Almeida,SE,5,2023-06-03
184,Vicente Ramos,juliana95@example.net,(061) 7988 7749,"Esplanada Vicente da Conceição, 55
Vila São Gabriel
25472928 Cirino da Serra / TO",Castro,ES,1,2023-03-10
185,Asafe Dias,lunnada-luz@example.com,+55 (061) 3805-5257,"Condomínio Benicio Guerra, 82
Coração Eucarístico
20885-474 Nunes / SC",Fernandes de Sales,AM,3,2023-03-01
186,Sra. Ana Cecília Carvalho,das-nevesbenicio@example.com,0900-375-1509,"Fazenda de Viana, 13
Bom Jesus
18637-599 Rios / MS",Casa Grande das Pedras,MS,1,2023-10-11
187,Maria Fernanda Albuquerque,catarina54@example.com,84 1376-7426,"Trevo de Borges, 53
Primeiro De Maio
19610-646 Novais / PB",Costa,CE,2,2023-05-20
188,Lavínia Novaes,taparecida@example.net,(031) 7873 0024,"Recanto de Campos, 36
Santa Cruz
01471959 Nunes de Lopes / GO",Sales de Campos,MS,3,2023-11-06
189,Allana da Luz,danilocasa-grande@example.com,(061) 2520-4565,"Rua Eduardo Moraes, 22
Universo
85544518 Casa Grande do Sul / BA",Freitas do Amparo,PA,2,2023-06-25
190,Sr. Cauã Cunha,milenacamara@example.org,84 9888-1671,"Alameda Mendes, 64
Colégio Batista
98524-013 Sales / BA",das Neves,BA,2,2023-12-18
191,Davi Lucca Barros,wsales@example.org,+55 11 0760 3108,"Jardim Aparecida, 5
Vila Formosa
11939325 Borges / BA",Pacheco da Praia,MS,3,2023-09-16
192,Theodoro Vasconcelos,mirellanunes@example.org,+55 41 9083 3428,"Favela Montenegro, 35
Pantanal
25663836 Teixeira / MT",Martins,AM,4,2023-05-09
193,Catarina Monteiro,alicia80@example.org,(061) 7164 7947,"Lago Liz Correia, 8
Nova Suíça
20716-781 Casa Grande / MG",Sales Verde,AM,1,2023-02-17
194,Srta. Ana Luiza Fonseca,camilacosta@example.net,71 1367 4994,"Viaduto Jade Mendonça, 842
Campo Alegre
47732010 Monteiro / RO",Cavalcanti,MG,4,2023-05-22
195,Lunna Cassiano,gael18@example.com,(061) 3477-8485,"Praça Campos, 67
Barro Preto
77002-842 Lopes de Carvalho / MA",Mendonça do Campo,RJ,1,2023-01-02
196,Rebeca Ribeiro,jmelo@example.org,21 0647-9695,"Alameda Pastor, 3
Anchieta
59056-165 Jesus da Praia / AL",da Cruz,ES,3,2023-03-08
197,Luana Pastor,salesdavi-lucca@example.com,+55 61 5208 5076,"Vila Melo, 705
Sport Club
59171-357 Cavalcante da Mata / MS",Costa do Amparo,RS,3,2023-03-24
198,Vitor Gabriel Cunha,vinicius04@example.net,71 3919 1954,"Recanto de Lima, 25
Vila Da Luz
84685-366 Pinto do Galho / PB",Almeida,RS,4,2023-10-10
199,Dra. Ester Oliveira,qcunha@example.net,(061) 4896-9083,"Feira Cassiano, 76
Lagoinha Leblon
36442493 da Costa do Campo / BA",Alves,ES,4,2023-10-15
200,Ravi Mendonça,plima@example.org,+55 (081) 2420-4482,"Alameda Daniel Barros, 59
Santa Monica
65162319 Moreira / RO",Monteiro de Minas,ES,1,2023-02-27
201,Camila Vargas,bella96@example.net,+55 41 6321-2347,"Avenida de Mendonça, 651
São Paulo
73425-754 Ramos / RN",Sousa,RO,1,2023-12-20
202,Isaque da Cunha,odas-neves@example.net,21 1837 6064,"Lagoa Costela
Belvedere
75604177 Farias das Pedras / TO",Castro,RR,2,2023-10-07
203,Thiago Azevedo,laura98@example.net,(061) 7002 7206,"Largo Enzo Camargo, 93
Vila Nova Cachoeirinha 3ª Seção
96577242 da Paz do Oeste / AP",Freitas da Serra,MG,1,2023-07-09
204,Heloisa Almeida,novaisraul@example.org,(061) 3420-6969,"Núcleo Cavalcante, 910
Olaria
71333-447 Cardoso das Pedras / DF",da Paz,SC,5,2023-10-10
205,Esther Leão,juliavieira@example.org,+55 (041) 4439 7359,"Recanto Carvalho
Santa Tereza
63669-411 Aragão / MT",Melo,MS,2,2023-08-09
206,Ana Clara Abreu,mirella96@example.com,61 5280 9242,"Conjunto Felipe Dias, 562
Canadá
02745-644 Moreira Alegre / PA",Dias,SC,2,2023-01-22
207,Clarice Novais,maragao@example.org,+55 (071) 3207 4276,"Praia Fogaça, 877
Camponesa 2ª Seção
15134228 Nunes Verde / DF",Moura,SP,3,2023-07-06
208,Emilly Leão,da-cruzmelina@example.net,+55 41 5041 6591,"Chácara Marques, 57
Unidas
50975923 Ramos / MA",Araújo de Minas,PI,1,2023-07-03
209,Maria Helena Borges,lda-cunha@example.org,71 1032 6642,"Praça Ana Luiza Rodrigues, 225
Vila De Sá
83776-749 Borges das Pedras / SE",Pimenta da Serra,PA,2,2023-12-16
210,Mariane Borges,moraescarolina@example.com,+55 21 2788-1476,"Lagoa Kaique Cardoso, 93
Novo Glória
90810-818 Jesus do Campo / PB",Fogaça Paulista,RJ,2,2023-12-08
211,Theodoro Almeida,sousamaria-eduarda@example.org,+55 (061) 6016-4597,"Loteamento Marcelo Cunha, 51
Santa Tereza
68006102 Marques de Sales / MG",da Rosa de Pinto,TO,1,2023-07-01
212,Maria Cecília Sales,fda-rosa@example.org,+55 84 0310 3037,"Praça Pires, 531
Vila São Gabriel
27601-227 Melo de Almeida / PB",Costa,MA,5,2023-07-28
213,Maria Júlia Aragão,antony16@example.com,11 9984-0767,"Avenida de Moura, 7
Teixeira Dias
81467-179 Machado das Pedras / AC",da Paz,SC,5,2023-03-21
214,Ravy Ferreira,gda-conceicao@example.org,0900 597 2466,"Esplanada Oliver da Paz, 8
Cenaculo
32971674 Costela / PI",Almeida,MS,2,2023-03-25
215,Luiz Henrique Rocha,luiz-fernandomontenegro@example.org,+55 (084) 5619 3183,"Morro Caleb Vargas, 942
Varzea Da Palma
07711991 Montenegro / AM",Pires,AM,2,2023-07-31
216,Luiz Miguel Castro,luisa87@example.net,+55 41 2552 1376,"Loteamento Allana Montenegro, 51
Marmiteiros
53286-326 Jesus dos Dourados / PE",Alves dos Dourados,BA,1,2023-04-02
217,Valentim Azevedo,fernandesana-vitoria@example.com,+55 (041) 6060-2908,"Viela Ana Júlia Silveira, 15
Padre Eustáquio
89267-389 Sampaio de Ferreira / SE",Vasconcelos do Oeste,MA,3,2023-07-30
218,Arthur Miguel Nascimento,heloisa28@example.net,(011) 3188 4852,"Trecho de da Luz
Gameleira
68105-485 Aragão / SP",Machado,MA,2,2023-05-17
219,Alana Marques,ravy99@example.net,61 9354-4926,"Rua Matheus Vasconcelos
Mariano De Abreu
12661-106 Melo / DF",Barbosa de Freitas,RO,2,2023-12-26
220,Maria Luiza Pastor,lda-luz@example.com,(011) 7762-2827,"Rodovia de Moura, 4
Petropolis
02851-961 Freitas / RJ",Aparecida do Galho,BA,1,2023-07-15
221,Marcelo das Neves,ana-julia47@example.org,+55 (011) 2960-4432,"Sítio Ferreira
Bernadete
67949756 Silveira de Pereira / BA",Montenegro,RS,1,2023-08-29
222,Milena Rios,ucassiano@example.com,+55 31 9966 3658,"Ladeira Felipe Cavalcante, 5
Serra Do Curral
81398909 Sá / PR",Campos,RO,2,2023-04-13
223,Emilly Almeida,noah39@example.com,+55 21 8956 9070,"Pátio Alves, 556
Braúnas
18242241 das Neves / PA",Araújo,RN,4,2023-06-29
224,Sr. Apollo Silva,da-rosaheloisa@example.org,(051) 2654 6103,"Trecho de da Costa, 98
Mirante
40578617 Jesus / RS",Almeida,GO,3,2023-04-27
225,Beatriz da Cruz,ana-julianunes@example.com,(041) 1832-5823,"Área Alexandre Martins, 142
Beija Flor
49465-398 Aparecida da Serra / SC",da Rosa,AP,2,2023-01-13
226,Camila Carvalho,luana39@example.net,(051) 5474 3553,"Alameda João Felipe Ramos, 8
Acaiaca
26876811 Rios / PB",Fogaça,TO,2,2023-07-24
227,Maria Alice Gomes,antonycampos@example.com,31 3703 0453,"Vereda de da Rosa, 83
Marieta 1ª Seção
47930361 Nunes do Galho / PR",Novaes,DF,3,2023-05-23
228,Emanuella Azevedo,davi-luccacardoso@example.com,0300 384 3089,"Quadra de Abreu, 60
Oeste
41877-580 Aragão / GO",Nascimento dos Dourados,MT,1,2023-05-23
229,Matteo Correia,enrico90@example.net,+55 21 6133-2541,"Praça Benicio Pastor
Vila Vista Alegre
43173-505 Barbosa / SP",Teixeira de Brito,RS,3,2023-11-25
230,Camila Barros,andradegabriela@example.com,+55 (084) 2070 4961,"Sítio Aragão, 76
Cachoeirinha
39907-676 Fernandes / RS",Marques,PE,5,2023-07-24
231,Sr. Cauê Caldeira,peixotodavi-luiz@example.net,+55 (071) 9284-5679,"Conjunto Aparecida, 3
Jonas Veiga
85498-227 Pereira Alegre / MA",Albuquerque do Galho,RJ,5,2023-06-19
232,Clara Araújo,natalianovais@example.org,(011) 5333-1537,"Loteamento de Pacheco, 559
Nova Gameleira
21707-303 Martins / RN",da Costa,PR,1,2023-03-01
233,Sra. Maria Flor Costela,acirino@example.com,+55 (021) 1508 1247,"Núcleo de Aparecida, 4
Distrito Industrial Do Jatoba
23425-832 Almeida / CE",Brito do Sul,TO,3,2023-04-02
234,Cecilia Garcia,fernandesotto@example.com,(051) 3552-8961,"Estrada Correia, 665
Universo
30993-842 da Cruz do Norte / RS",Cardoso do Galho,RJ,5,2023-05-16
235,Giovanna Siqueira,vianamaria-isis@example.net,0800-128-6857,"Núcleo Sara Sales, 87
Inconfidência
90333-736 das Neves / PA",Oliveira da Serra,TO,1,2023-02-25
236,Dr. Yan Barros,enzo-gabrielda-rocha@example.com,41 5390-7895,"Praça Julia Freitas, 55
Mineirão
27341514 Viana / GO",Brito,AM,5,2023-08-11
237,Luiz Miguel Andrade,brendacosta@example.net,(071) 4443 9284,"Lago Cecilia Viana, 16
Pongelupe
63337389 Silveira de Martins / MT",Dias,DF,3,2023-06-10
238,Maria Vitória Costela,jmachado@example.org,31 2924 0755,"Viela Isis Teixeira, 145
Solar Do Barreiro
22599996 Costela das Flores / AP",Correia do Amparo,AM,4,2023-11-07
239,Dr. Kevin Borges,gustavo-henriquerocha@example.net,+55 (051) 0970-2316,"Lago Ribeiro, 117
Marilandia
25662128 Mendes de Minas / MG",Cardoso,DF,5,2023-03-01
240,Pedro Santos,mcastro@example.net,(041) 9387 4302,"Trevo Thales Moura
Liberdade
77901-475 Gonçalves da Serra / PA",Cavalcanti,RN,4,2023-10-23
241,Sra. Natália Gomes,gabrielgoncalves@example.net,+55 (061) 3248 4137,"Condomínio de Freitas, 2
Santa Rita De Cássia
67243-807 Barbosa / RS",Garcia de Fernandes,SC,2,2023-05-11
242,Evelyn Gonçalves,albuquerquetheodoro@example.org,+55 84 5777 1183,"Ladeira Lorenzo Cavalcante, 2
Conjunto Santa Maria
18621-042 Fogaça de Cavalcanti / DF",Rocha,PI,1,2023-12-29
243,Pedro Miguel Sampaio,portorebeca@example.net,+55 51 6470 9006,"Feira Murilo Borges, 7
Álvaro Camargos
53131220 Moraes do Campo / TO",Duarte da Prata,RS,4,2023-01-01
244,Gustavo Henrique Nogueira,hlima@example.org,+55 11 1552-0650,"Fazenda Davi Lucca Ribeiro, 69
Atila De Paiva
36497189 da Cunha / AM",Pires das Flores,RO,5,2023-10-03
245,Srta. Lívia Cavalcanti,maria-luisa15@example.org,0500-976-8389,"Vale Teixeira, 5
Floramar
39102-574 Cassiano / MG",Ramos,AL,2,2023-07-06
246,Pedro Miguel Sousa,joao-felipe45@example.net,+55 (061) 8640 3553,"Viaduto da Cruz, 79
São Damião
27017-130 Costela / BA",Cavalcanti,RJ,4,2023-02-05
247,Gabrielly da Costa,limamaria-helena@example.com,+55 (041) 3362-9344,"Ladeira Viana, 61
Nazare
27768-962 Almeida de Teixeira / MG",Barros da Mata,RN,3,2023-11-16
248,Daniela Novaes,theogarcia@example.com,(041) 7468 9715,"Estrada Leonardo Correia, 1
Santa Efigênia
76665-674 Jesus / AL",Gomes,RJ,3,2023-12-06
249,Gael Teixeira,xda-cunha@example.net,(084) 8750 6633,"Vereda Benjamin Sampaio
Vila Esplanada
49724399 Albuquerque / AM",Ramos,RR,1,2023-06-03
250,Maria Laura Santos,moreiramarcos-vinicius@example.com,+55 (041) 6448-8694,"Chácara de Caldeira, 552
Vila Puc
64027011 Moura das Pedras / RS",Siqueira das Pedras,CE,5,2023-06-08
251,Marcelo Cirino,miguelmendonca@example.org,21 1793-2302,"Praia Henrique Porto, 51
Bonfim
14150-937 Rocha de Teixeira / AM",Araújo,GO,4,2023-06-17
252,Asafe Brito,rebecavieira@example.org,41 9847 7596,"Loteamento de Dias, 75
Minas Caixa
55107620 Moura / GO",Freitas,PB,4,2023-12-23
253,Olívia Moraes,mribeiro@example.org,(061) 0505 7397,"Chácara de Ferreira, 27
Vila Paquetá
49328-980 Monteiro / SE",da Rosa,TO,3,2023-10-11
254,Nina Cavalcante,ecamargo@example.net,71 3332-1160,"Ladeira Pedro Lucas Silveira, 27
Vila Esplanada
87153991 Garcia das Flores / RS",da Conceição de Goiás,GO,2,2023-04-09
255,João Vitor Borges,borgescarolina@example.net,0900 319 5256,"Trecho Nascimento, 76
Lagoinha Leblon
28993-160 Dias de Casa Grande / TO",Câmara do Amparo,RO,4,2023-12-07
256,Clara Peixoto,joao-vitor09@example.com,(041) 8149 7374,"Distrito Otto Siqueira
João Pinheiro
02764208 Fernandes das Pedras / RO",Ferreira de Sá,MG,4,2023-12-13
257,Ana Sophia Moura,alexia38@example.com,+55 41 2590 4729,"Recanto de da Rocha, 43
Vista Do Sol
05912662 Brito / MS",Cavalcanti de Aragão,AM,2,2023-11-12
258,Maitê Pastor,ocassiano@example.net,71 3013 6749,"Parque de Vasconcelos, 8
Santa Lúcia
47501-111 Ramos de Rios / PE",Almeida,RJ,5,2023-06-04
259,Pietra da Mota,vieiraluiz-miguel@example.com,(081) 6492-1518,"Alameda de Gonçalves, 888
Bela Vitoria
31292087 Campos do Norte / BA",Rezende,CE,4,2023-10-08
260,José Miguel Sá,barrosjosue@example.net,(031) 5826 0340,"Praia de Carvalho, 975
Cidade Nova
98831-030 Casa Grande / MA",Carvalho,RN,1,2023-06-05
261,Helena Pastor,agatha29@example.com,+55 11 8446 2671,"Vila João Pedro Nascimento, 51
Vila Califórnia
59892625 Garcia do Sul / RN",Barbosa,GO,3,2023-04-18
262,Vitor Camargo,vazevedo@example.net,+55 31 5542 3401,"Colônia Josué Cavalcanti, 849
Cabana Do Pai Tomás
94849-102 Sá das Flores / CE",Sousa da Prata,PI,4,2023-10-24
263,Maria Luiza Mendes,valentimalbuquerque@example.net,31 2226-9405,"Pátio de Santos, 82
Maria Helena
84468-341 Jesus Alegre / AP",Barbosa,SC,5,2023-12-02
264,Caleb Cavalcante,barrosallana@example.net,11 0682-7788,"Vale Correia, 7
Vila Maria
38909-728 Cavalcanti / AP",Carvalho do Galho,MS,3,2023-08-27
265,Otávio Monteiro,xcavalcante@example.org,(081) 3814 4744,"Vereda de Nunes
Monte São José
48079705 Pimenta / PB",da Rosa da Praia,AM,4,2023-08-15
266,Luiz Fernando Silveira,isadorafogaca@example.org,+55 41 6731 8826,"Distrito Vargas, 83
Morro Dos Macacos
45628-417 Castro de Carvalho / MS",Abreu da Praia,RR,2,2023-09-19
267,Daniel Correia,bruno26@example.com,(071) 0237 4167,"Conjunto de Duarte, 78
Céu Azul
10225803 Rocha / TO",Lima do Sul,PA,4,2023-03-28
268,Lavínia da Paz,wbarros@example.com,+55 51 9282 3414,"Estrada Maria Júlia Santos, 9
Vera Cruz
39231260 Correia Grande / PA",Pimenta,DF,1,2023-05-26
269,Benjamim Garcia,tmoura@example.net,+55 31 3567-0860,"Núcleo Alana Ferreira
Vila Nova Cachoeirinha 2ª Seção
35020-005 da Paz / PR",Pereira do Campo,PA,5,2023-12-06
270,José Mendonça,bruna41@example.org,+55 (021) 8255 5989,"Ladeira de Costela, 261
Cenaculo
09337118 da Rosa do Amparo / SP",Nascimento,SC,5,2023-06-21
271,Augusto Cardoso,larissanovaes@example.net,+55 61 8557-1617,"Alameda de Cavalcante, 542
Bacurau
36788127 Novais das Flores / MG",Costela da Serra,AC,1,2023-05-01
272,Henrique Pastor,vieiraolivia@example.com,21 8443-4481,"Setor da Costa, 30
São Bento
24033-810 Pires da Praia / MT",Santos,PI,3,2023-04-26
273,Davi Luiz Jesus,aylla00@example.com,+55 21 4240-8916,"Vereda de Pereira, 437
Leonina
39627-365 Mendes / AP",Cirino de Marques,CE,2,2023-03-17
274,Gabriel Nunes,lsiqueira@example.net,(011) 0422 6931,"Feira Maria Ramos
Nossa Senhora Da Conceição
82091660 Albuquerque / SP",Cardoso,ES,1,2023-01-24
275,João Felipe Casa Grande,vieiraantony@example.org,71 5132-7972,"Distrito Ryan Araújo, 248
Alto Caiçaras
18418620 Alves / ES",Gomes Grande,MS,2,2023-09-01
276,Laura Câmara,trodrigues@example.org,(084) 2131-4519,"Chácara Caio Pereira
Conjunto Bonsucesso
68592624 Ferreira do Campo / GO",Ribeiro de Freitas,GO,5,2023-02-07
277,Srta. Agatha Cassiano,antonellacasa-grande@example.com,(041) 7119-6421,"Parque Fogaça, 77
Rio Branco
95236-687 Nascimento de Nascimento / TO",Gomes,AP,4,2023-08-01
278,Mariah Moura,erickda-costa@example.com,+55 (011) 3058 7210,"Lago Marques, 78
Garças
30212606 Aragão do Campo / RO",Mendes,TO,5,2023-04-10
279,Eduarda Alves,emanuellycasa-grande@example.org,+55 51 1096 2272,"Loteamento Lívia Viana, 5
Camponesa 1ª Seção
00928206 Rodrigues dos Dourados / PI",Oliveira do Galho,MA,4,2023-09-11
280,Srta. Mariana Castro,francisco86@example.org,+55 11 6903-6289,"Quadra de Mendes, 76
Conjunto Jatoba
56341115 Alves de Goiás / MA",Nogueira,AM,4,2023-05-05
281,Heitor Peixoto,saana-luiza@example.org,81 3034-1990,"Largo Borges
João Paulo Ii
54683565 Sampaio / RO",Farias,PA,2,2023-12-02
282,Dra. Beatriz Montenegro,beniciopastor@example.com,(081) 9042-2711,"Via de Casa Grande, 98
Vila Olhos D'água
72545-960 da Costa do Oeste / RN",Cassiano,RJ,1,2023-02-24
283,Sara Brito,casa-grandeana-luiza@example.net,+55 31 7175 2421,"Morro Felipe Barbosa, 57
Pousada Santo Antonio
72197-054 Jesus Grande / PB",Moraes Alegre,MS,4,2023-04-23
284,Noah Montenegro,rda-luz@example.org,0900-038-0214,"Passarela de Barbosa, 86
Vila Fumec
57787112 Gonçalves / SP",Costa das Flores,MT,2,2023-12-23
285,Liam Fernandes,scunha@example.net,(071) 1470-8272,"Área de Peixoto, 60
Vila Suzana Segunda Seção
73030-644 Barros / BA",da Mota,MG,5,2023-08-26
286,Kaique Silva,hleao@example.org,+55 71 2016-5423,"Recanto Stella Sales, 66
Savassi
08931-992 Rios Alegre / AC",Marques,BA,1,2023-10-13
287,Luiza Camargo,hda-luz@example.net,+55 (011) 7279 1033,"Esplanada de Peixoto, 63
Embaúbas
90550448 Sampaio / PR",Jesus de Jesus,MS,2,2023-03-04
288,Dr. Vicente Teixeira,ian27@example.com,31 2892 8664,"Vila Gael Henrique Borges, 2
Vila Da Ária
96179817 Rios / MA",Cunha de Goiás,SP,4,2023-03-10
289,Maria Helena Camargo,maria-isiscampos@example.com,(061) 6605-3844,"Viela Rodrigo Abreu, 10
Alto Vera Cruz
58955296 Novais / MG",Pimenta,RS,4,2023-12-08
290,Ana Júlia Oliveira,ocardoso@example.com,+55 (051) 6582-6312,"Passarela de Teixeira, 38
Laranjeiras
11060920 Oliveira / MG",Souza,SC,5,2023-10-14
291,Rafael Porto,marcelo33@example.com,+55 (071) 8364-0412,"Colônia de Camargo, 29
Camargos
44211753 Brito do Amparo / SE",Jesus,AP,5,2023-06-12
292,Ana Vitória Costela,ugarcia@example.net,(041) 2240-2990,"Recanto Zoe Abreu, 58
Coração De Jesus
39080882 Fonseca / AM",Alves,MT,4,2023-11-10
293,Henry Barros,vitor-gabrielda-mota@example.com,+55 (081) 1584-7768,"Estação Miguel Rodrigues, 26
Tres Marias
23767-694 Pinto do Campo / RN",Lima do Oeste,RJ,5,2023-08-07
294,Dr. Benício Machado,bernardomoraes@example.com,0900 649 8560,"Praça Marcelo Fogaça, 41
Vila Do Pombal
52510-505 Martins / RJ",da Conceição da Prata,AP,5,2023-08-17
295,Larissa Pereira,saracunha@example.org,84 4919-6655,"Residencial Monteiro, 5
Nova Pampulha
17295963 da Paz / AC",Martins,MA,2,2023-09-01
296,Nathan Andrade,fernandesarthur-gabriel@example.org,(071) 1644-5561,"Avenida de Gonçalves, 87
Jardim América
59103002 Duarte / RR",Câmara da Serra,AP,4,2023-05-13
297,Léo Nascimento,salescaua@example.com,+55 (061) 1041 4596,"Conjunto Pacheco, 31
Lagoinha Leblon
96718839 Ribeiro de Mendonça / GO",Vargas do Amparo,ES,2,2023-11-23
298,João Vargas,enzo58@example.org,+55 (084) 1170-3037,"Colônia Carolina Costela, 688
Vila Santa Rosa
72812-356 Pinto de Moraes / DF",Correia de Minas,GO,3,2023-09-24
299,Eloah Rodrigues,gustavo27@example.org,+55 61 3072 4078,"Condomínio Ísis Barros, 46
Conjunto Bonsucesso
86850-745 Aragão / RS",Siqueira das Pedras,DF,4,2023-11-17
300,Gabriel Guerra,yurimoura@example.net,11 8610-3131,"Ladeira de da Costa
Belmonte
43966613 Monteiro do Oeste / CE",Ferreira,RS,2,2023-05-21
